name_original,name_corrected,Match,HMDB,PubChem,ChEBI,KEGG,METLIN,SMILES,Comment
CE 15:0,CE(15:0),CE(15:0),HMDB0060057,24779606,NA,NA,NA,[H][C@@]12CCC([C@H](C)CCCC(C)C)[C@@]1(C)CC[C@@]1([H])[C@@]2([H])CC=C2C[C@H](CC[C@]12C)OC(=O)CCCCCCCCCCCCCC,1
CE 16:0,CE(16:0),CE(16:0),HMDB0000885,246520,3663,C11251,5844,CCCCCCCCCCCCCCCC(=O)O[C@H]1CC[C@@]2([C@H]3CC[C@]4([C@H]([C@@H]3CC=C2C1)CC[C@@H]4[C@H](C)CCCC(C)C)C)C,1
CE 16:1,CE(16:1),CE(16:1),L1,NA,NA,NA,NA,NA,1
CE 18:0,CE(18:0),CE(18:0),HMDB0010368,53480457,NA,C02530,5898,CCCCCCCCCCCCCCCCCC(=O)O[C@H]1CC[C@@]2(C3CC[C@]4(C(C3CC=C2C1)CCC4[C@H](C)CCCC(C)C)C)C,1
CE 18:1,CE(18:1),CE(18:1(9Z)),HMDB0000918,5283632,46898,C14641,5872,CCCCCCCC/C=C\CCCCCCCC(=O)O[C@H]1CC[C@@]2([C@H]3CC[C@]4([C@H]([C@@H]3CC=C2C1)CC[C@@H]4[C@H](C)CCCC(C)C)C)C,1
CE 18:2,CE(18:2),"CE(18:2(9Z,12Z))",HMDB0000610,5287939,41509,C15441,5584,CCCCC/C=C\C/C=C\CCCCCCCC(=O)O[C@H]1CC[C@@]2([C@H]3CC[C@]4([C@H]([C@@H]3CC=C2C1)CC[C@@H]4[C@H](C)CCCC(C)C)C)C,1
CE 18:3,CE(18:3),"CE(18:3(6Z,9Z,12Z))",HMDB0010369,53480458,88756,NA,NA,CCCCC/C=C\C/C=C\C/C=C\CCCCC(=O)O[C@H]1CC[C@@]2(C3CC[C@]4(C(C3CC=C2C1)CCC4[C@H](C)CCCC(C)C)C)C,1
CE 20:0,CE(20:0),CE(20:0),HMDB0006740,53477894,NA,C02530,NA,CCCCCCCCCCCCCCCCCCCC(=O)O[C@H]1CC[C@@]2(C3CC[C@]4(C(C3CC=C2C1)CCC4[C@H](C)CCCC(C)C)C)C,1
CE 20:3,CE(20:3),"CE(20:3(8Z,11Z,14Z))",HMDB0006736,53477892,NA,C02530,NA,CCCCC/C=C\C/C=C\C/C=C\CCCCCCC(=O)O[C@H]1CC[C@@]2(C3CC[C@]4(C(C3CC=C2C1)CCC4[C@H](C)CCCC(C)C)C)C,1
CE 20:4,CE(20:4),"CE(20:4(5Z,8Z,11Z,14Z))",HMDB0006726,131801657,NA,C02530,NA,CCCCC/C=C\C/C=C\C/C=C\C/C=C\CCCC(=O)O[C@H]1CC[C@@]2([C@H]3CC[C@]4([C@H]([C@@H]3CC=C2C1)CC[C@@H]4[C@H](C)CCCC(C)C)C)C,1
CE 20:5,CE(20:5),CE(20:5),L2,NA,NA,NA,NA,NA,1
CE 22:6,CE(22:6),"CE(22:6(4Z,7Z,10Z,13Z,16Z,19Z))",HMDB0006733,53477890,NA,C02530,NA,CC/C=C\C/C=C\C/C=C\C/C=C\C/C=C\C/C=C\CCC(=O)O[C@H]1CC[C@@]2(C3CC[C@]4(C(C3CC=C2C1)CCC4[C@H](C)CCCC(C)C)C)C,1
Cer d34:0,Cer(d34:0),Cer(d34:0),L3,NA,NA,NA,NA,NA,1
Cer d34:1,Cer(d34:1),Cer(d34:1),L4,NA,NA,NA,NA,NA,1
Cer d36:0,Cer(d36:0),Cer(d36:0),L5,NA,NA,NA,NA,NA,1
Cer d36:1,Cer(d36:1),Cer(d36:1),L6,NA,NA,NA,NA,NA,1
Cer d38:1,Cer(d38:1),Cer(d38:1),L7,NA,NA,NA,NA,NA,1
Cer d40:1,Cer(d40:1),Cer(d40:1),L8,NA,NA,NA,NA,NA,1
Cer d40:2,Cer(d40:2),Cer(d40:2),L9,NA,NA,NA,NA,NA,1
Cer d41:1,Cer(d41:1),Cer(d41:1),L10,NA,NA,NA,NA,NA,1
Cer d42:0,Cer(d42:0),Cer(d42:0),L11,NA,NA,NA,NA,NA,1
Cer d42:1,Cer(d42:1),Cer(d42:1),L12,NA,NA,NA,NA,NA,1
Cer d42:2,Cer(d42:2),Cer(d42:2),L13,NA,NA,NA,NA,NA,1
Cholesterol(-H2O),Cholesterol M (-H2O),CE(14:0),HMDB0006725,99486,84304,NA,NA,CCCCCCCCCCCCCC(=O)O[C@H]1CC[C@@]2([C@H]3CC[C@]4([C@H]([C@@H]3CC=C2C1)CC[C@@H]4[C@H](C)CCCC(C)C)C)C,1
DAG 32:0,DAG(32:0),DG(14:0/18:0/0:0),HMDB0007013,53477951,NA,NA,NA,CCCCCCCCCCCCCCCCCC(=O)O[C@@H](CO)COC(=O)CCCCCCCCCCCCC,1
DAG 32:1,DAG(32:1),DG(14:0/18:1(11Z)/0:0),HMDB0007014,53477952,NA,NA,NA,CCCCCCCCCCCCCC(=O)OC[C@H](CO)OC(=O)CCCCCCCCC/C=C\CCCCCC,1
DAG 34:1,DAG(34:1),DG(14:0/20:1(11Z)/0:0),HMDB0007021,53477956,NA,NA,NA,CCCCCCCCCCCCCC(=O)OC[C@H](CO)OC(=O)CCCCCCCCC/C=C\CCCCCCCC,1
DAG 36:1,DAG(36:1),DG(14:0/22:1(13Z)/0:0),HMDB0007029,53477964,NA,NA,NA,CCCCCCCCCCCCCC(=O)OC[C@H](CO)OC(=O)CCCCCCCCCCC/C=C\CCCCCCCC,1
DAG 36:2,DAG(36:2),"DG(14:0/22:2(13Z,16Z)/0:0)",HMDB0007030,53477965,NA,NA,NA,CCCCCCCCCCCCCC(=O)OC[C@H](CO)OC(=O)CCCCCCCCCCC/C=C\C/C=C\CCCCC,1
DAG 36:3,DAG(36:3),"DG(14:1(9Z)/22:2(13Z,16Z)/0:0)",HMDB0007059,53477994,NA,NA,NA,CCCCC/C=C\C/C=C\CCCCCCCCCCCC(=O)O[C@@H](CO)COC(=O)CCCCCCC/C=C\CCCC,1
DAG 36:4,DAG(36:4),"DG(14:0/22:4(7Z,10Z,13Z,16Z)/0:0)",HMDB0007031,53477966,NA,NA,NA,CCCCCCCCCCCCCC(=O)OC[C@H](CO)OC(=O)CCCCC/C=C\C/C=C\C/C=C\C/C=C\CCCCC,1
DAG 38:1,DAG(38:1),DG(14:0/24:1(15Z)/0:0),HMDB0007036,53477971,NA,NA,NA,CCCCCCCCCCCCCC(=O)OC[C@H](CO)OC(=O)CCCCCCCCCCCCC/C=C\CCCCCCCC,1
DAG 38:2,DAG(38:2),DG(14:1(9Z)/24:1(15Z)/0:0),HMDB0007065,53478000,NA,NA,NA,CCCCCCCC/C=C\CCCCCCCCCCCCCC(=O)O[C@@H](CO)COC(=O)CCCCCCC/C=C\CCCC,1
DAG 38:4,DAG(38:4),"DG(16:0/22:4(7Z,10Z,13Z,16Z)/0:0)",HMDB0007118,9543803,NA,NA,NA,CCCCCCCCCCCCCCCC(=O)OC[C@H](CO)OC(=O)CCCCC/C=C\C/C=C\C/C=C\C/C=C\CCCCC,1
DAG 38:5,DAG(38:5),"DG(16:0/22:5(4Z,7Z,10Z,13Z,16Z)/0:0)",HMDB0007119,53478030,NA,NA,NA,CCCCCCCCCCCCCCCC(=O)OC[C@H](CO)OC(=O)CC/C=C\C/C=C\C/C=C\C/C=C\C/C=C\CCCCC,1
DAG 38:6,DAG(38:6),"DG(16:0/22:6(4Z,7Z,10Z,13Z,16Z,19Z)/0:0)",HMDB0007121,9543827,NA,NA,NA,CCCCCCCCCCCCCCCC(=O)OC[C@H](CO)OC(=O)CC/C=C\C/C=C\C/C=C\C/C=C\C/C=C\C/C=C\CC,1
DAG 40:4,DAG(40:4),"DG(18:0/22:4(7Z,10Z,13Z,16Z)/0:0)",HMDB0007176,9543859,NA,NA,NA,CCCCCCCCCCCCCCCCCC(=O)OC[C@H](CO)OC(=O)CCCCC/C=C\C/C=C\C/C=C\C/C=C\CCCCC,1
DAG 40:5,DAG(40:5),"DG(18:0/22:5(4Z,7Z,10Z,13Z,16Z)/0:0)",HMDB0007177,53478054,NA,NA,NA,CCCCCCCCCCCCCCCCCC(=O)OC[C@H](CO)OC(=O)CC/C=C\C/C=C\C/C=C\C/C=C\C/C=C\CCCCC,1
DAG 40:6,DAG(40:6),"DG(18:0/22:6(4Z,7Z,10Z,13Z,16Z,19Z)/0:0)",HMDB0007179,9543881,NA,NA,NA,CCCCCCCCCCCCCCCCCC(=O)OC[C@H](CO)OC(=O)CC/C=C\C/C=C\C/C=C\C/C=C\C/C=C\C/C=C\CC,1
DAG 40:7,DAG(40:7),"DG(18:1(11Z)/22:6(4Z,7Z,10Z,13Z,16Z,19Z)/0:0)",HMDB0007208,53478083,NA,NA,NA,CCCCCC/C=C\CCCCCCCCCC(=O)OC[C@H](CO)OC(=O)CC/C=C\C/C=C\C/C=C\C/C=C\C/C=C\C/C=C\CC,1
DAG 40:8,DAG(40:8),"DG(18:2(9Z,12Z)/22:6(4Z,7Z,10Z,13Z,16Z,19Z)/0:0)",HMDB0007266,9543899,NA,NA,NA,CCCCC/C=C\C/C=C\CCCCCCCC(=O)OC[C@H](CO)OC(=O)CC/C=C\C/C=C\C/C=C\C/C=C\C/C=C\C/C=C\CC,1
GlcCer d32:1,GlcCer(d32:1),GlcCer(d32:1),L14,NA,NA,NA,NA,NA,1
GlcCer d34:1,GlcCer(d34:1),GlcCer(d34:1),L15,NA,NA,NA,NA,NA,1
GlcCer d36:1,GlcCer(d36:1),GlcCer(d36:1),L16,NA,NA,NA,NA,NA,1
GlcCer d38:1,GlcCer(d38:1),GlcCer(d38:1),L17,NA,NA,NA,NA,NA,1
GlcCer d40:1,GlcCer(d40:1),GlcCer(d40:1),L18,NA,NA,NA,NA,NA,1
GlcCer d42:1,GlcCer(d42:1),GlcCer(d42:1),L19,NA,NA,NA,NA,NA,1
GlcCer d42:2,GlcCer(d42:2),GlcCer(d42:2),L20,NA,NA,NA,NA,NA,1
GlcCer d44:1,GlcCer(d44:1),GlcCer(d44:1),L21,NA,NA,NA,NA,NA,1
GlcCer d44:2,GlcCer(d44:2),GlcCer(d44:2),L22,NA,NA,NA,NA,NA,1
LacCer d32:1,LacCer(d32:1),LacCer(d32:1),L23,NA,NA,NA,NA,NA,1
LacCer d34:1,LacCer(d34:1),LacCer(d34:1),L24,NA,NA,NA,NA,NA,1
LacCer d36:1,LacCer(d36:1),LacCer(d36:1),L25,NA,NA,NA,NA,NA,1
LacCer d38:1,LacCer(d38:1),LacCer(d38:1),L26,NA,NA,NA,NA,NA,1
LacCer d40:1,LacCer(d40:1),LacCer(d40:1),L27,NA,NA,NA,NA,NA,1
LacCer d42:1,LacCer(d42:1),LacCer(d42:1),L28,NA,NA,NA,NA,NA,1
LacCer d42:2,LacCer(d42:2),LacCer(d42:2),L29,NA,NA,NA,NA,NA,1
LacCer d44:1,LacCer(d44:1),LacCer(d44:1),L30,NA,NA,NA,NA,NA,1
LacCer d44:2,LacCer(d44:2),LacCer(d44:2),L31,NA,NA,NA,NA,NA,1
LPC 14:0,LPC(14:0),LysoPC(14:0),HMDB0010379,460604,NA,C04230,NA,CCCCCCCCCCCCCC(=O)OC[C@H](COP(=O)([O-])OCC[N+](C)(C)C)O,1
LPC 15:0,LPC(15:0),LysoPC(15:0),HMDB0010381,24779458,580912,C04230,NA,CCCCCCCCCCCCCCC(=O)OC[C@H](COP(=O)([O-])OCC[N+](C)(C)C)O,1
LPC 16:0,LPC(16:0),LysoPC(16:0),HMDB0010382,460602,72998,C04230,NA,CCCCCCCCCCCCCCCC(=O)OC[C@H](COP(=O)([O-])OCC[N+](C)(C)C)O,1
LPC 16:1,LPC(16:1),LysoPC(16:1(9Z)),HMDB0010383,24779461,NA,C04230,NA,CCCCCC/C=C\CCCCCCCC(=O)OC[C@H](COP(=O)([O-])OCC[N+](C)(C)C)O,1
LPC 17:0,LPC(17:0),LysoPC(17:0),HMDB0012108,24779463,580913,C04230,NA,CCCCCCCCCCCCCCCCC(=O)OC[C@H](COP(=O)([O-])OCC[N+](C)(C)C)O,1
LPC 17:1,LPC(17:1),LPC(17:1),L32,NA,NA,NA,NA,NA,1
LPC 18:0,LPC(18:0),LysoPC(18:0),HMDB0010384,497299,NA,C04230,NA,CCCCCCCCCCCCCCCCCC(=O)OC[C@H](COP(=O)([O-])OCC[N+](C)(C)C)O,1
LPC 18:1,LPC(18:1),LysoPC(18:1(9Z)),HMDB0002815,16081932,NA,C04230,184,CCCCCCCC/C=C\CCCCCCCC(=O)OC[C@H](COP(=O)([O-])OCC[N+](C)(C)C)O,1
LPC 18:2,LPC(18:2),"LysoPC(18:2(9Z,12Z))",HMDB0010386,11005824,28733,C04230,NA,CCCCC/C=C\C/C=C\CCCCCCCC(=O)OC[C@H](COP(=O)([O-])OCC[N+](C)(C)C)O,1
LPC 20:0,LPC(20:0),LysoPC(20:0),HMDB0010390,24779473,NA,C04230,NA,CCCCCCCCCCCCCCCCCCCC(=O)OC[C@H](COP(=O)([O-])OCC[N+](C)(C)C)O,1
LPC 20:1,LPC(20:1),LysoPC(20:1(11Z)),HMDB0010391,52924051,88685,C04230,NA,CCCCCCCC/C=C\CCCCCCCCCC(=O)OC[C@H](COP(=O)([O-])OCC[N+](C)(C)C)O,1
LPC 20:3,LPC(20:3),"LysoPC(20:3(5Z,8Z,11Z))",HMDB0010393,53480467,74343,C04230,NA,CCCCCCCC/C=C\C/C=C\C/C=C\CCCC(=O)OC[C@H](COP(=O)([O-])OCC[N+](C)(C)C)O,1
LPC 20:4,LPC(20:4),"LysoPC(20:4(5Z,8Z,11Z,14Z))",HMDB0010395,24779476,NA,C04230,NA,CCCCC/C=C\C/C=C\C/C=C\C/C=C\CCCC(=O)OC[C@H](COP(=O)([O-])OCC[N+](C)(C)C)O,1
LPC 22:4,LPC(22:4),"LysoPC(22:4(7Z,10Z,13Z,16Z))",HMDB0010401,52924039,133657,C04230,NA,CCCCC/C=C\C/C=C\C/C=C\C/C=C\CCCCCC(=O)OC[C@H](COP(=O)([O-])OCC[N+](C)(C)C)O,1
LPC 22:5,LPC(22:5),"LysoPC(22:5(4Z,7Z,10Z,13Z,16Z))",HMDB0010402,53480473,74348,C04230,NA,CCCCC/C=C\C/C=C\C/C=C\C/C=C\C/C=C\CCC(=O)OC[C@H](COP(=O)([O-])OCC[N+](C)(C)C)O,1
LPC 22:6,LPC(22:6),"LysoPC(22:6(4Z,7Z,10Z,13Z,16Z,19Z))",HMDB0010404,10415542,73873,C04230,NA,CC/C=C\C/C=C\C/C=C\C/C=C\C/C=C\C/C=C\CCC(=O)OC[C@H](COP(=O)([O-])OCC[N+](C)(C)C)O,1
LPC O-16:0,LPC(o16:0),LysoPC(16:0),HMDB0010382,460602,72998,C04230,NA,CCCCCCCCCCCCCCCC(=O)OC[C@H](COP(=O)([O-])OCC[N+](C)(C)C)O,1
LPC O-16:1,LPC(o16:1),LysoPC(16:1(9Z)),HMDB0010383,24779461,NA,C04230,NA,CCCCCC/C=C\CCCCCCCC(=O)OC[C@H](COP(=O)([O-])OCC[N+](C)(C)C)O,1
LPC O-18:0,LPC(18:0),LysoPC(18:0),HMDB0010384,497299,NA,C04230,NA,CCCCCCCCCCCCCCCCCC(=O)OC[C@H](COP(=O)([O-])OCC[N+](C)(C)C)O,1
LPC O-18:1,LPC(18:1),LysoPC(18:1(9Z)),HMDB0002815,16081932,NA,C04230,184,CCCCCCCC/C=C\CCCCCCCC(=O)OC[C@H](COP(=O)([O-])OCC[N+](C)(C)C)O,1
LPE 16:0,LPE(16:0),LysoPE(0:0/16:0),HMDB0011473,53480922,131743,NA,NA,CCCCCCCCCCCCCCCC(=O)O[C@H](CO)COP(=O)(O)OCCN,1
LPE 18:0,LPE(18:0),LysoPE(0:0/18:0),HMDB0011129,53480667,133144,NA,NA,CCCCCCCCCCCCCCCCCC(=O)O[C@H](CO)COP(=O)(O)OCCN,1
LPE 18:1,LPE(18:1),LysoPE(0:0/18:1(11Z)),HMDB0011475,53480924,NA,NA,NA,CCCCCC/C=C\CCCCCCCCCC(=O)O[C@H](CO)COP(=O)(O)OCCN,1
LPE 18:2,LPE(18:2),"LysoPE(0:0/18:2(9Z,12Z))",HMDB0011477,53480926,76090,NA,NA,CCCCC/C=C\C/C=C\CCCCCCCC(=O)O[C@H](CO)COP(=O)(O)OCCN,1
LPE 20:3,LPE(20:3),"LysoPE(0:0/20:3(11Z,14Z,17Z))",HMDB0011484,53480933,NA,NA,NA,CC/C=C\C/C=C\C/C=C\CCCCCCCCCC(=O)O[C@H](CO)COP(=O)(O)OCCN,1
LPE 20:4,LPE(20:4),"LysoPE(0:0/20:4(5Z,8Z,11Z,14Z))",HMDB0011487,53480936,72741,NA,NA,CCCCC/C=C\C/C=C\C/C=C\C/C=C\CCCC(=O)O[C@H](CO)COP(=O)(O)OCCN,1
LPE 22:6,LPE(22:6),"LysoPE(0:0/22:6(4Z,7Z,10Z,13Z,16Z,19Z))",HMDB0011496,53480945,72749,NA,NA,CC/C=C\C/C=C\C/C=C\C/C=C\C/C=C\C/C=C\CCC(=O)O[C@H](CO)COP(=O)(O)OCCN,1
PC 30:0,PC(30:0),PC(14:0/16:0),HMDB0007869,129657,NA,C00157,NA,CCCCCCCCCCCCCCCC(=O)O[C@H](COC(=O)CCCCCCCCCCCCC)COP(=O)([O-])OCC[N+](C)(C)C,1
PC 32:0,PC(32:0),PC(16:0/16:0),HMDB0000564,452110,72999,C00157,5548,CCCCCCCCCCCCCCCC(=O)OC[C@H](COP(=O)([O-])OCC[N+](C)(C)C)OC(=O)CCCCCCCCCCCCCCC,1
PC 32:1,PC(32:1),PC(14:0/18:1(11Z)),HMDB0007872,24778618,NA,C00157,NA,CCCCCCCCCCCCCC(=O)OC[C@H](COP(=O)([O-])OCC[N+](C)(C)C)OC(=O)CCCCCCCCC/C=C\CCCCCC,1
PC 32:3,PC(32:3),PC(32:3),HMDB0008196,52922825,89536,C00157,NA,CCCCCCCCCCCCCC(=O)O[C@H](COC(=O)CCCCCCC/C=C\C/C=C\C/C=C\CC)COP(=O)([O-])OCC[N+](C)(C)C,1
PC 33:1,PC(33:1),PC(15:0/18:1(11Z)),HMDB0007938,24778662,NA,C00157,NA,CCCCCCCCCCCCCCC(=O)OC[C@H](COP(=O)([O-])OCC[N+](C)(C)C)OC(=O)CCCCCCCCC/C=C\CCCCCC,1
PC 33:2,PC(33:2),PC(33:2),HMDB0008132,52922715,NA,C00157,NA,CCCCCCCCCCCCCCC(=O)O[C@H](COC(=O)CCCCCCC/C=C\C/C=C\CCCCC)COP(=O)([O-])OCC[N+](C)(C)C,1
PC 34:0,PC(34:0),PC(14:0/20:0),HMDB0007878,24778633,NA,C00157,NA,CCCCCCCCCCCCCCCCCCCC(=O)O[C@H](COC(=O)CCCCCCCCCCCCC)COP(=O)([O-])OCC[N+](C)(C)C,1
PC 34:1,PC(34:1),PC(14:0/20:1(11Z)),HMDB0007879,52922226,NA,C00157,NA,CCCCCCCCCCCCCC(=O)OC[C@H](COP(=O)([O-])OCC[N+](C)(C)C)OC(=O)CCCCCCCCC/C=C\CCCCCCCC,1
PC 34:2,PC(34:2),"PC(14:0/20:2(11Z,14Z))",HMDB0007880,52922228,NA,C00157,NA,CCCCCCCCCCCCCC(=O)OC[C@H](COP(=O)([O-])OCC[N+](C)(C)C)OC(=O)CCCCCCCCC/C=C\C/C=C\CCCCC,1
PC 34:3,PC(34:3),"PC(14:0/20:3(5Z,8Z,11Z))",HMDB0007881,53478605,NA,C00157,NA,CCCCCCCCCCCCCC(=O)OC[C@H](COP(=O)([O-])OCC[N+](C)(C)C)OC(=O)CCC/C=C\C/C=C\C/C=C\CCCCCCCC,1
PC 34:4,PC(34:4),PC(34:4),HMDB0008459,53479057,88897,C00157,NA,CCCCCCCCCCCCCC(=O)O[C@H](COC(=O)CCCCCC/C=C\C/C=C\C/C=C\C/C=C\CC)COP(=O)([O-])OCC[N+](C)(C)C,1
PC 34:5,PC(34:5),PC(34:5),HMDB0008492,52923333,NA,C00157,NA,CCCCCCCCCCCCCC(=O)O[C@H](COC(=O)CCC/C=C\C/C=C\C/C=C\C/C=C\C/C=C\CC)COP(=O)([O-])OCC[N+](C)(C)C,1
PC 34:6,PC(34:6),PC(34:6),HMDB0008493,52923335,NA,C00157,NA,CCCC\C=C/CCCCCCCC(=O)O[C@]([H])(COC(=O)CCC\C=C/C\C=C/C\C=C/C\C=C/C\C=C/CC)COP([O-])(=O)OCC[N+](C)(C)C,1
PC 35:2,PC(35:2),PC(35:2),HMDB0008330,52923157,NA,C00157,NA,CCCCCCCCCCCCCCC(=O)O[C@H](COC(=O)CCCCCCCCC/C=C\C/C=C\CCCCC)COP(=O)([O-])OCC[N+](C)(C)C,1
PC 35:5,PC(35:5),PC(35:5),HMDB0008494,53479123,NA,C00157,NA,CCCCCCCCCCCCCCC(=O)OC(COC(=O)CCC\C=C/C\C=C/C\C=C/C\C=C/C\C=C/CC)COP([O-])(=O)OCC[N+](C)(C)C,1
PC 36:0,PC(36:0),PC(14:0/22:0),HMDB0007886,24778638,NA,C00157,NA,CCCCCCCCCCCCCCCCCCCCCC(=O)O[C@H](COC(=O)CCCCCCCCCCCCC)COP(=O)([O-])OCC[N+](C)(C)C,1
PC 36:1,PC(36:1),PC(14:0/22:1(13Z)),HMDB0007887,53478609,NA,C00157,NA,CCCCCCCCCCCCCC(=O)OC[C@H](COP(=O)([O-])OCC[N+](C)(C)C)OC(=O)CCCCCCCCCCC/C=C\CCCCCCCC,1
PC 36:2,PC(36:2),PC(18:1(9Z)/18:1(9Z)),HMDB0000593,6437081,NA,C00157,5572,CCCCCCCC/C=C\CCCCCCCC(=O)OCC(COP(=O)([O-])OCC[N+](C)(C)C)OC(=O)CCCCCCC/C=C\CCCCCCCC,1
PC 36:3,PC(36:3),"PC(14:1(9Z)/22:2(13Z,16Z))",HMDB0007921,52922294,NA,C00157,NA,CCCCC/C=C\C/C=C\CCCCCCCCCCCC(=O)O[C@H](COC(=O)CCCCCCC/C=C\CCCC)COP(=O)([O-])OCC[N+](C)(C)C,1
PC 36:4,PC(36:4),"PC(14:0/22:4(7Z,10Z,13Z,16Z))",HMDB0007889,52922238,NA,C00157,NA,CCCCCCCCCCCCCC(=O)OC[C@H](COP(=O)([O-])OCC[N+](C)(C)C)OC(=O)CCCCC/C=C\C/C=C\C/C=C\C/C=C\CCCCC,1
PC 36:5,PC(36:5),"PC(14:0/22:5(4Z,7Z,10Z,13Z,16Z))",HMDB0007890,53478611,NA,C00157,NA,CCCCCCCCCCCCCC(=O)OC[C@H](COP(=O)([O-])OCC[N+](C)(C)C)OC(=O)CC/C=C\C/C=C\C/C=C\C/C=C\C/C=C\CCCCC,1
PC 36:6,PC(36:6),PC(36:6),HMDB0008722,52923675,88654,C00157,NA,CCCCCCCCCCCCCC(=O)O[C@H](COC(=O)CC/C=C\C/C=C\C/C=C\C/C=C\C/C=C\C/C=C\CC)COP(=O)([O-])OCC[N+](C)(C)C,1
PC 37:1,PC(37:1),PC(37:1),HMDB0008560,53479169,NA,C00157,NA,CCCCCCCCCCCCCCC(=O)O[C@H](COC(=O)CCCCCCCCCCC/C=C\CCCCCCCC)COP(=O)([O-])OCC[N+](C)(C)C,1
PC 37:3,PC(37:3),PC(37:3),L33,NA,NA,NA,NA,NA,1
PC 37:4,PC(37:4),PC(37:4),HMDB0008625,52923617,NA,C00157,NA,CCCCCCCCCCCCCCC(=O)O[C@H](COC(=O)CCCCC/C=C\C/C=C\C/C=C\C/C=C\CCCCC)COP(=O)([O-])OCC[N+](C)(C)C,1
PC 37:6,PC(37:6),PC(37:6),HMDB0008724,52923679,NA,C00157,NA,CCCCCCCCCCCCCCC(=O)O[C@H](COC(=O)CC/C=C\C/C=C\C/C=C\C/C=C\C/C=C\C/C=C\CC)COP(=O)([O-])OCC[N+](C)(C)C,1
PC 38:0,PC(38:0),PC(14:0/24:0),HMDB0007893,24778642,NA,C00157,NA,CCCCCCCCCCCCCCCCCCCCCCCC(=O)O[C@H](COC(=O)CCCCCCCCCCCCC)COP(=O)([O-])OCC[N+](C)(C)C,1
PC 38:1,PC(38:1),PC(14:0/24:1(15Z)),HMDB0007894,24778643,NA,C00157,NA,CCCCCCCCCCCCCC(=O)OC[C@H](COP(=O)([O-])OCC[N+](C)(C)C)OC(=O)CCCCCCCCCCCCC/C=C\CCCCCCCC,1
PC 38:2,PC(38:2),PC(14:1(9Z)/24:1(15Z)),HMDB0007927,53478637,NA,C00157,NA,CCCCCCCC/C=C\CCCCCCCCCCCCCC(=O)O[C@H](COC(=O)CCCCCCC/C=C\CCCC)COP(=O)([O-])OCC[N+](C)(C)C,1
PC 38:3,PC(38:3),"PC(16:1(9Z)/22:2(13Z,16Z))",HMDB0008020,52922473,NA,C00157,NA,CCCCCC/C=C\CCCCCCCC(=O)OC[C@H](COP(=O)([O-])OCC[N+](C)(C)C)OC(=O)CCCCCCCCCCC/C=C\C/C=C\CCCCC,1
PC 38:4,PC(38:4),"PC(16:0/22:4(7Z,10Z,13Z,16Z))",HMDB0007988,24778732,NA,C00157,NA,CCCCCCCCCCCCCCCC(=O)OC[C@H](COP(=O)([O-])OCC[N+](C)(C)C)OC(=O)CCCCC/C=C\C/C=C\C/C=C\C/C=C\CCCCC,1
PC 38:5,PC(38:5),"PC(16:0/22:5(4Z,7Z,10Z,13Z,16Z))",HMDB0007989,24778735,NA,C00157,NA,CCCCCCCCCCCCCCCC(=O)OC[C@H](COP(=O)([O-])OCC[N+](C)(C)C)OC(=O)CC/C=C\C/C=C\C/C=C\C/C=C\C/C=C\CCCCC,1
PC 38:6,PC(38:6),"PC(16:0/22:6(4Z,7Z,10Z,13Z,16Z,19Z))",HMDB0007991,6441886,NA,C00157,NA,CCCCCCCCCCCCCCCC(=O)OC[C@H](COP(=O)([O-])OCC[N+](C)(C)C)OC(=O)CC/C=C\C/C=C\C/C=C\C/C=C\C/C=C\C/C=C\CC,1
PC 39:3,PC(39:3),PC(39:3),L34,NA,NA,NA,NA,NA,1
PC 39:4,PC(39:4),PC(39:4),L35,NA,NA,NA,NA,NA,1
PC 39:5,PC(39:5),PC(39:5),L36,NA,NA,NA,NA,NA,1
PC 39:6,PC(39:6),PC(39:6),L37,NA,NA,NA,NA,NA,1
PC 40:5,PC(40:5),"PC(18:0/22:5(4Z,7Z,10Z,13Z,16Z))",HMDB0008055,24778871,NA,C00157,NA,CCCCCCCCCCCCCCCCCC(=O)OC[C@H](COP(=O)([O-])OCC[N+](C)(C)C)OC(=O)CC/C=C\C/C=C\C/C=C\C/C=C\C/C=C\CCCCC,1
PC 40:6,PC(40:6),"PC(18:0/22:6(4Z,7Z,10Z,13Z,16Z,19Z))",HMDB0008057,24778876,NA,C00157,NA,CCCCCCCCCCCCCCCCCC(=O)OC[C@H](COP(=O)([O-])OCC[N+](C)(C)C)OC(=O)CC/C=C\C/C=C\C/C=C\C/C=C\C/C=C\C/C=C\CC,1
PC 41:6,PC(41:6),PC(41:6),L38,NA,NA,NA,NA,NA,1
PC 42:4,PC(42:4),"PC(18:3(6Z,9Z,12Z)/24:1(15Z))",HMDB0008191,53478821,NA,C00157,NA,CCCCCCCC/C=C\CCCCCCCCCCCCCC(=O)O[C@H](COC(=O)CCCC/C=C\C/C=C\C/C=C\CCCCC)COP(=O)([O-])OCC[N+](C)(C)C,1
PC 42:5,PC(42:5),"PC(18:4(6Z,9Z,12Z,15Z)/24:1(15Z))",HMDB0008257,53478869,NA,C00157,NA,CCCCCCCC/C=C\CCCCCCCCCCCCCC(=O)O[C@H](COC(=O)CCCC/C=C\C/C=C\C/C=C\C/C=C\CC)COP(=O)([O-])OCC[N+](C)(C)C,1
PC 42:6,PC(42:6),PC(42:6),HMDB0008734,52923707,NA,C00157,NA,CCCCCCCCCCCCCCCCCCCC(=O)O[C@H](COC(=O)CC/C=C\C/C=C\C/C=C\C/C=C\C/C=C\C/C=C\CC)COP(=O)([O-])OCC[N+](C)(C)C,1
PC O-30:0,PC(30:0),PC(14:0/16:0),HMDB0007869,129657,NA,C00157,NA,CCCCCCCCCCCCCCCC(=O)O[C@H](COC(=O)CCCCCCCCCCCCC)COP(=O)([O-])OCC[N+](C)(C)C,1
PC O-32:0,PC(32:0),PC(16:0/16:0),HMDB0000564,452110,72999,C00157,5548,CCCCCCCCCCCCCCCC(=O)OC[C@H](COP(=O)([O-])OCC[N+](C)(C)C)OC(=O)CCCCCCCCCCCCCCC,1
PC O-32:1,PC(32:1),PC(14:0/18:1(11Z)),HMDB0007872,24778618,NA,C00157,NA,CCCCCCCCCCCCCC(=O)OC[C@H](COP(=O)([O-])OCC[N+](C)(C)C)OC(=O)CCCCCCCCC/C=C\CCCCCC,1
PC O-34:0,PC(34:0),PC(14:0/20:0),HMDB0007878,24778633,NA,C00157,NA,CCCCCCCCCCCCCCCCCCCC(=O)O[C@H](COC(=O)CCCCCCCCCCCCC)COP(=O)([O-])OCC[N+](C)(C)C,1
PC O-34:1,PC(34:1),PC(14:0/20:1(11Z)),HMDB0007879,52922226,NA,C00157,NA,CCCCCCCCCCCCCC(=O)OC[C@H](COP(=O)([O-])OCC[N+](C)(C)C)OC(=O)CCCCCCCCC/C=C\CCCCCCCC,1
PC O-34:2,PC(34:2),"PC(14:0/20:2(11Z,14Z))",HMDB0007880,52922228,NA,C00157,NA,CCCCCCCCCCCCCC(=O)OC[C@H](COP(=O)([O-])OCC[N+](C)(C)C)OC(=O)CCCCCCCCC/C=C\C/C=C\CCCCC,1
PC O-34:3,PC(34:3),"PC(14:0/20:3(5Z,8Z,11Z))",HMDB0007881,53478605,NA,C00157,NA,CCCCCCCCCCCCCC(=O)OC[C@H](COP(=O)([O-])OCC[N+](C)(C)C)OC(=O)CCC/C=C\C/C=C\C/C=C\CCCCCCCC,1
PC O-36:1,PC(36:1),PC(14:0/22:1(13Z)),HMDB0007887,53478609,NA,C00157,NA,CCCCCCCCCCCCCC(=O)OC[C@H](COP(=O)([O-])OCC[N+](C)(C)C)OC(=O)CCCCCCCCCCC/C=C\CCCCCCCC,1
PC O-36:2,PC(36:2),PC(18:1(9Z)/18:1(9Z)),HMDB0000593,6437081,NA,C00157,5572,CCCCCCCC/C=C\CCCCCCCC(=O)OCC(COP(=O)([O-])OCC[N+](C)(C)C)OC(=O)CCCCCCC/C=C\CCCCCCCC,1
PC O-36:4,PC(36:4),"PC(14:0/22:4(7Z,10Z,13Z,16Z))",HMDB0007889,52922238,NA,C00157,NA,CCCCCCCCCCCCCC(=O)OC[C@H](COP(=O)([O-])OCC[N+](C)(C)C)OC(=O)CCCCC/C=C\C/C=C\C/C=C\C/C=C\CCCCC,1
PC O-36:5,PC(36:5),"PC(14:0/22:5(4Z,7Z,10Z,13Z,16Z))",HMDB0007890,53478611,NA,C00157,NA,CCCCCCCCCCCCCC(=O)OC[C@H](COP(=O)([O-])OCC[N+](C)(C)C)OC(=O)CC/C=C\C/C=C\C/C=C\C/C=C\C/C=C\CCCCC,1
PC O-38:2,PC(38:2),PC(14:1(9Z)/24:1(15Z)),HMDB0007927,53478637,NA,C00157,NA,CCCCCCCC/C=C\CCCCCCCCCCCCCC(=O)O[C@H](COC(=O)CCCCCCC/C=C\CCCC)COP(=O)([O-])OCC[N+](C)(C)C,1
PC O-38:3,PC(38:3),"PC(16:1(9Z)/22:2(13Z,16Z))",HMDB0008020,52922473,NA,C00157,NA,CCCCCC/C=C\CCCCCCCC(=O)OC[C@H](COP(=O)([O-])OCC[N+](C)(C)C)OC(=O)CCCCCCCCCCC/C=C\C/C=C\CCCCC,1
PC O-38:4,PC(38:4),"PC(16:0/22:4(7Z,10Z,13Z,16Z))",HMDB0007988,24778732,NA,C00157,NA,CCCCCCCCCCCCCCCC(=O)OC[C@H](COP(=O)([O-])OCC[N+](C)(C)C)OC(=O)CCCCC/C=C\C/C=C\C/C=C\C/C=C\CCCCC,1
PC O-38:5,PC(38:5),"PC(16:0/22:5(4Z,7Z,10Z,13Z,16Z))",HMDB0007989,24778735,NA,C00157,NA,CCCCCCCCCCCCCCCC(=O)OC[C@H](COP(=O)([O-])OCC[N+](C)(C)C)OC(=O)CC/C=C\C/C=C\C/C=C\C/C=C\C/C=C\CCCCC,1
PC O-38:6,PC(38:6),"PC(16:0/22:6(4Z,7Z,10Z,13Z,16Z,19Z))",HMDB0007991,6441886,NA,C00157,NA,CCCCCCCCCCCCCCCC(=O)OC[C@H](COP(=O)([O-])OCC[N+](C)(C)C)OC(=O)CC/C=C\C/C=C\C/C=C\C/C=C\C/C=C\C/C=C\CC,1
PC O-40:4,PC(40:4),"PC(18:0/22:4(7Z,10Z,13Z,16Z))",HMDB0008054,24778868,NA,C00157,NA,CCCCCCCCCCCCCCCCCC(=O)OC[C@H](COP(=O)([O-])OCC[N+](C)(C)C)OC(=O)CCCCC/C=C\C/C=C\C/C=C\C/C=C\CCCCC,1
PC O-40:5,PC(40:5),"PC(18:0/22:5(4Z,7Z,10Z,13Z,16Z))",HMDB0008055,24778871,NA,C00157,NA,CCCCCCCCCCCCCCCCCC(=O)OC[C@H](COP(=O)([O-])OCC[N+](C)(C)C)OC(=O)CC/C=C\C/C=C\C/C=C\C/C=C\C/C=C\CCCCC,1
PC O-40:6,PC(40:6),"PC(18:0/22:6(4Z,7Z,10Z,13Z,16Z,19Z))",HMDB0008057,24778876,NA,C00157,NA,CCCCCCCCCCCCCCCCCC(=O)OC[C@H](COP(=O)([O-])OCC[N+](C)(C)C)OC(=O)CC/C=C\C/C=C\C/C=C\C/C=C\C/C=C\C/C=C\CC,1
PC O-40:7,PC(40:7),"PC(18:1(11Z)/22:6(4Z,7Z,10Z,13Z,16Z,19Z))",HMDB0008090,24778901,NA,C00157,NA,CCCCCC/C=C\CCCCCCCCCC(=O)OC[C@H](COP(=O)([O-])OCC[N+](C)(C)C)OC(=O)CC/C=C\C/C=C\C/C=C\C/C=C\C/C=C\C/C=C\CC,1
PC O-42:5,PC(42:5),"PC(18:4(6Z,9Z,12Z,15Z)/24:1(15Z))",HMDB0008257,53478869,NA,C00157,NA,CCCCCCCC/C=C\CCCCCCCCCCCCCC(=O)O[C@H](COC(=O)CCCC/C=C\C/C=C\C/C=C\C/C=C\CC)COP(=O)([O-])OCC[N+](C)(C)C,1
PE 33:1,PE(33:1),PE(15:0/18:1(11Z)),HMDB0008893,53479575,NA,C00350,NA,CCCCCCCCCCCCCCC(=O)OC[C@H](COP(=O)(O)OCCN)OC(=O)CCCCCCCCC/C=C\CCCCCC,1
PE 34:1,PE(34:1),PE(14:0/20:1(11Z)),HMDB0008834,52924120,NA,C00350,NA,CCCCCCCCCCCCCC(=O)OC[C@H](COP(=O)(O)OCCN)OC(=O)CCCCCCCCC/C=C\CCCCCCCC,1
PE 34:2,PE(34:2),"PE(14:0/20:2(11Z,14Z))",HMDB0008835,52924121,NA,C00350,NA,CCCCCCCCCCCCCC(=O)OC[C@H](COP(=O)(O)OCCN)OC(=O)CCCCCCCCC/C=C\C/C=C\CCCCC,1
PE 36:0,PE(36:0),PE(14:0/22:0),HMDB0008841,52924937,NA,C00350,NA,CCCCCCCCCCCCCCCCCCCCCC(=O)O[C@H](COC(=O)CCCCCCCCCCCCC)COP(=O)(O)OCCN,1
PE 36:2,PE(36:2),"PE(14:0/22:2(13Z,16Z))",HMDB0008843,52924125,NA,C00350,NA,CCCCCCCCCCCCCC(=O)OC[C@H](COP(=O)(O)OCCN)OC(=O)CCCCCCCCCCC/C=C\C/C=C\CCCCC,1
PE 36:4,PE(36:4),"PE(14:0/22:4(7Z,10Z,13Z,16Z))",HMDB0008844,52924126,NA,C00350,NA,CCCCCCCCCCCCCC(=O)OC[C@H](COP(=O)(O)OCCN)OC(=O)CCCCC/C=C\C/C=C\C/C=C\C/C=C\CCCCC,1
PE 36:6,PE(36:6),PE(36:6),HMDB0009679,52924835,NA,C00350,NA,CCCCCCCCCCCCCC(=O)O[C@H](COC(=O)CC/C=C\C/C=C\C/C=C\C/C=C\C/C=C\C/C=C\CC)COP(=O)(O)OCCN,1
PE 38:2,PE(38:2),PE(14:1(9Z)/24:1(15Z)),HMDB0008882,53479570,NA,C00350,NA,CCCCCCCC/C=C\CCCCCCCCCCCCCC(=O)O[C@H](COC(=O)CCCCCCC/C=C\CCCC)COP(=O)(O)OCCN,1
PE 38:4,PE(38:4),"PE(O-18:1(1Z)/20:4(5Z,8Z,11Z,14Z))",HMDB0005779,9547058,NA,C00350,6548,CCCCCCCCCCCCCCCC/C=C\OC[C@H](COP(=O)(O)OCCN)OC(=O)CCC/C=C\C/C=C\C/C=C\C/C=C\CCCCC,1
PE 38:6,PE(38:6),"PE(O-16:1(1Z)/22:6(4Z,7Z,10Z,13Z,16Z,19Z))",HMDB0005780,5283497,NA,C00350,6548,CCCCCCCCCCCCCC/C=C\OC[C@H](COP(=O)(O)OCCN)OC(=O)CC/C=C\C/C=C\C/C=C\C/C=C\C/C=C\C/C=C\CC,1
PE 40:0,PE(40:0),PE(16:0/24:0),HMDB0008947,18605408,NA,C00350,NA,CCCCCCCCCCCCCCCCCCCCCCCC(=O)O[C@H](COC(=O)CCCCCCCCCCCCCCC)COP(=O)(O)OCCN,1
PE 40:2,PE(40:2),PE(16:1(9Z)/24:1(15Z)),HMDB0008981,53479604,NA,C00350,NA,CCCCCCCC/C=C\CCCCCCCCCCCCCC(=O)O[C@H](COC(=O)CCCCCCC/C=C\CCCCCC)COP(=O)(O)OCCN,1
PE 40:4,PE(40:4),"PE(18:0/22:4(7Z,10Z,13Z,16Z))",HMDB0009009,52924901,NA,C00350,NA,CCCCCCCCCCCCCCCCCC(=O)OC[C@H](COP(=O)(O)OCCN)OC(=O)CCCCC/C=C\C/C=C\C/C=C\C/C=C\CCCCC,1
PE 40:6,PE(40:6),"PE(18:0/22:6(4Z,7Z,10Z,13Z,16Z,19Z))",HMDB0009012,9546798,NA,C00350,NA,CCCCCCCCCCCCCCCCCC(=O)OC[C@H](COP(=O)(O)OCCN)OC(=O)CC/C=C\C/C=C\C/C=C\C/C=C\C/C=C\C/C=C\CC,1
PE 42:4,PE(42:4),PE(42:4),HMDB0009755,53480027,NA,C00350,NA,CCCCCCCC/C=C\CCCCCCCCCCCCCC(=O)OC[C@H](COP(=O)(O)OCCN)OC(=O)CCCCCCC/C=C\C/C=C\C/C=C\CC,1
PE 42:6,PE(42:6),PE(42:6),HMDB0009691,52924851,NA,C00350,NA,CCCCCCCCCCCCCCCCCCCC(=O)O[C@H](COC(=O)CC/C=C\C/C=C\C/C=C\C/C=C\C/C=C\C/C=C\CC)COP(=O)(O)OCCN,1
PE O-34:3,PE(34:3),"PE(16:0/18:3(9Z,12Z,15Z))",HMDB0008930,9546746,NA,C00350,NA,CCCCCCCCCCCCCCCC(=O)OC[C@H](COP(=O)(O)OCCN)OC(=O)CCCCCCC/C=C\C/C=C\C/C=C\CC,1
PE O-36:2,PE(36:2),NA,L39,NA,NA,NA,NA,NA,0
PE O-36:3,PE(36:3),"PE(16:0/20:3(8Z,11Z,14Z))",HMDB0008936,52924920,NA,C00350,NA,CCCCCCCCCCCCCCCC(=O)OC[C@H](COP(=O)(O)OCCN)OC(=O)CCCCCC/C=C\C/C=C\C/C=C\CCCCC,1
PE O-36:5,PE(36:5),NA,L40,NA,NA,NA,NA,NA,0
PE O-38:4,PE(38:4),"PE(20:3(8Z,11Z,14Z)/18:1(9Z))",HMDB0009356,52924615,NA,C00350,NA,CCCCCCCC/C=C\CCCCCCCC(=O)O[C@H](COC(=O)CCCCCC/C=C\C/C=C\C/C=C\CCCCC)COP(=O)(O)OCCN,1
PE O-38:5,PE(38:5),"PE(18:2(9Z,12Z)/20:3(8Z,11Z,14Z))",HMDB0009101,52924373,NA,C00350,NA,CCCCC/C=C\C/C=C\CCCCCCCC(=O)OC[C@H](COP(=O)(O)OCCN)OC(=O)CCCCCC/C=C\C/C=C\C/C=C\CCCCC,1
PE O-38:6,PE(38:6),NA,L41,NA,NA,NA,NA,NA,0
PE O-38:7,PE(38:7),"PE(16:1(9Z)/22:6(4Z,7Z,10Z,13Z,16Z,19Z))",HMDB0008979,52924914,NA,C00350,NA,CCCCCC/C=C\CCCCCCCC(=O)OC[C@H](COP(=O)(O)OCCN)OC(=O)CC/C=C\C/C=C\C/C=C\C/C=C\C/C=C\C/C=C\CC,1
PE O-40:4,PE(40:4),"PE(18:0/22:4(7Z,10Z,13Z,16Z))",HMDB0009009,52924901,NA,C00350,NA,CCCCCCCCCCCCCCCCCC(=O)OC[C@H](COP(=O)(O)OCCN)OC(=O)CCCCC/C=C\C/C=C\C/C=C\C/C=C\CCCCC,1
PE O-40:6,PE(40:6),NA,L42,NA,NA,NA,NA,NA,0
PG 38:6,PG(38:6),PG(38:6),HMDB0116629,52927111,NA,NA,NA,[H][C@](O)(CO)COP(O)(=O)OC[C@@]([H])(COC(=O)CC\C=C/C\C=C/C\C=C/C\C=C/C\C=C/C\C=C/CC)OC(=O)CCCCCCCCCCCCCCC,1
PG 40:6,PG(40:6),PG(40:6),HMDB0116630,52927092,NA,NA,NA,[H][C@](O)(CO)COP(O)(=O)OC[C@@]([H])(COC(=O)CC\C=C/C\C=C/C\C=C/C\C=C/C\C=C/C\C=C/CC)OC(=O)CCCCCCCCCCCCCCCCC,1
PI 36:0,PI(36:0),PI(36:0),HMDB0009866,52928286,88679,NA,NA,CCCCCCCCCCCCCCCCCCCC(=O)OC(COP(=O)(O)O1C(O)C(O)C(O)(O)C1O)OC(=O)CCCCCCCCCCCCCCC,1
PI 36:1,PI(36:1),PI(36:1),L43,NA,NA,NA,NA,NA,1
PI 36:2,PI(36:2),PI(36:2),HMDB0009875,52927985,89150,C00626,NA,CCCCC/C=C\C/C=C\CCCCCCCCCC(=O)OC(COP(=O)(O)O1C(O)C(O)C(O)(O)C1O)OC(=O)CCCCCCCCCCCCCCC,1
PI 36:3,PI(36:3),PI(36:3),HMDB0009886,52928016,89139,NA,NA,CCCCC/C=C\C/C=C\C/C=C\CCCCCCC(=O)OC(COP(=O)(O)O1C(O)C(O)C(O)(O)C1O)OC(=O)CCCCCCCCCCCCCCC,1
PI 36:4,PI(36:4),PI(36:4),HMDB0009899,NA,89121,C00626,NA,[H][C@@](COC(=O)CCCCCC\C=C/C\C=C/C\C=C/C\C=C/CC)(COP(O)(=O)O[C@H]1C(O)C(O)C(O)[C@@H](O)C1O)OC(=O)CCCCCCCCCCCCCCC,1
PI 36:5,PI(36:5),PI(36:5),L44,NA,NA,NA,NA,NA,1
PI 38:1,PI(38:1),PI(38:1),L45,NA,NA,NA,NA,NA,1
PI 38:2,PI(38:2),PI(38:2),HMDB0009905,52928184,NA,C00626,NA,CCCCC/C=C\C/C=C\CCCCCCCCCCCC(=O)OC(COP(=O)(O)O1C(O)C(O)C(O)(O)C1O)OC(=O)CCCCCCCCCCCCCCC,1
PI 38:3,PI(38:3),PI(38:3),HMDB0009907,NA,NA,C00626,NA,[H][C@@](COC(=O)CCCCCCCC\C=C/C\C=C/C\C=C/CCCCC)(COP(O)(=O)O[C@H]1C(O)C(O)C(O)[C@@H](O)C1O)OC(=O)CCCCCCCCCCCCCCC,1
PI 38:4,PI(38:4),PI(38:4),HMDB0009914,52928215,89303,NA,NA,CCCCC/C=C\C/C=C\C/C=C\C/C=C\CCCCCC(=O)OC(COP(=O)(O)O1C(O)C(O)C(O)(O)C1O)OC(=O)CCCCCCCCCCCCCCC,1
PI 38:5,PI(38:5),PI(38:5),HMDB0009918,NA,89299,C00626,NA,[H][C@@](COC(=O)CCCCC\C=C/C\C=C/C\C=C/C\C=C/C\C=C/CC)(COP(O)(=O)O[C@H]1C(O)C(O)C(O)[C@@H](O)C1O)OC(=O)CCCCCCCCCCCCCCC,1
PI 38:6,PI(38:6),PI(38:6),L46,NA,NA,NA,NA,NA,1
PI 40:3,PI(40:3),PI(40:3),HMDB0009868,NA,88677,C00626,NA,[H][C@@](COC(=O)CCCCCCCCCCCCCCCCCCC)(COP(O)(=O)O[C@H]1C(O)C(O)C(O)[C@@H](O)C1O)OC(=O)CCCCCC\C=C/C\C=C/C\C=C/C\C=C/CC,1
PI 40:4,PI(40:4),PI(40:4),HMDB0009915,52928220,89304,NA,NA,CCCCC/C=C\C/C=C\C/C=C\C/C=C\CCCCCC(=O)OC(COP(=O)(O)O1C(O)C(O)C(O)(O)C1O)OC(=O)CCCCCCCCCCCCCCCCC,1
PI 40:5,PI(40:5),PI(40:5),HMDB0009919,NA,89300,C00626,NA,[H][C@@](COC(=O)CCCCC\C=C/C\C=C/C\C=C/C\C=C/C\C=C/CC)(COP(O)(=O)O[C@H]1C(O)C(O)C(O)[C@@H](O)C1O)OC(=O)CCCCCCCCCCCCCCCCC,1
PI 40:6,PI(40:6),PI(40:6),HMDB0009920,52928249,89307,NA,NA,CC/C=C\C/C=C\C/C=C\C/C=C\C/C=C\C/C=C\CCC(=O)OC(COP(=O)(O)O1C(O)C(O)C(O)(O)C1O)OC(=O)CCCCCCCCCCCCCCCCC,1
PI 40:7,PI(40:7),PI(40:7),L47,NA,NA,NA,NA,NA,1
PI 40:8,PI(40:8),PI(40:8),L48,NA,NA,NA,NA,NA,1
PI 42:7,PI(42:7),PI(42:7),L49,NA,NA,NA,NA,NA,1
PI 42:8,PI(42:8),PI(42:8),L50,NA,NA,NA,NA,NA,1
PS 34:0,PS(34:0),PS(34:0),HMDB0112511,52925974,NA,NA,NA,[H][C@](N)(COP(O)(=O)OC[C@@]([H])(COC(=O)CCCCCCCCCCCCCCCCCCC)OC(=O)CCCCCCCCCCCCC)C(O)=O,1
PS 34:1,PS(34:1),PS(34:1),HMDB0112540,52925640,NA,NA,NA,[H][C@](N)(COP(O)(=O)OC[C@@]([H])(COC(=O)CCCCCCCCC\C=C/CCCCCCCC)OC(=O)CCCCCCCCCCCCC)C(O)=O,1
PS 36:0,PS(36:0),PS(36:0),HMDB0112707,52925958,NA,NA,NA,[H][C@](N)(COP(O)(=O)OC[C@@]([H])(COC(=O)CCCCCCCCCCCCCCCCCCCCC)OC(=O)CCCCCCCCCCCCC)C(O)=O,1
PS 36:1,PS(36:1),PS(36:1),HMDB0112736,131819906,NA,NA,NA,[H][C@](N)(COP(O)(=O)OC[C@@]([H])(COC(=O)CCCCCCCCCCC\C=C/CCCCCCCC)OC(=O)CCCCCCCCCCCCC)C(O)=O,1
PS 36:2,PS(36:2),PS(36:2),HMDB0112761,52925868,NA,NA,NA,[H][C@](N)(COP(O)(=O)OC[C@@]([H])(COC(=O)CCCCCCCCCCC\C=C/C\C=C/CCCCC)OC(=O)CCCCCCCCCCCCC)C(O)=O,1
PS 36:3,PS(36:3),PS(36:3),HMDB0112762,52925869,NA,NA,NA,[H][C@](N)(COP(O)(=O)OC[C@@]([H])(COC(=O)CCCCCCCCCCC\C=C/C\C=C/CCCCC)OC(=O)CCCCCCC\C=C/CCCC)C(O)=O,1
PS 36:4,PS(36:4),PS(36:4),HMDB0116750,131823377,NA,NA,NA,[H][C@](N)(COP(O)(=O)OC[C@@]([H])(COC(=O)CCCCCCCCCCCCCCC)OC(=O)CCCCCC\C=C/C\C=C/C\C=C/C\C=C/CC)C(O)=O,1
PS 38:0,PS(38:0),PS(38:0),HMDB0112881,131820003,NA,NA,NA,[H][C@](N)(COP(O)(=O)OC[C@@]([H])(COC(=O)CCCCCCCCCCCCCCCCCCCCCCC)OC(=O)CCCCCCCCCCCCC)C(O)=O,1
PS 38:1,PS(38:1),PS(38:1),HMDB0112910,131820029,NA,NA,NA,[H][C@](N)(COP(O)(=O)OC[C@@]([H])(COC(=O)CCCCCCCCCCCCC\C=C/CCCCCCCC)OC(=O)CCCCCCCCCCCCC)C(O)=O,1
PS 38:2,PS(38:2),PS(38:2),HMDB0112911,131820030,NA,NA,NA,[H][C@](N)(COP(O)(=O)OC[C@@]([H])(COC(=O)CCCCCCCCCCCCC\C=C/CCCCCCCC)OC(=O)CCCCCCC\C=C/CCCC)C(O)=O,1
PS 38:3,PS(38:3),PS(38:3),HMDB0112765,52925873,NA,NA,NA,[H][C@](N)(COP(O)(=O)OC[C@@]([H])(COC(=O)CCCCCCCCCCC\C=C/C\C=C/CCCCC)OC(=O)CCCCCCC\C=C/CCCCCC)C(O)=O,1
PS 38:4,PS(38:4),PS(38:4),HMDB0112791,52925903,NA,NA,NA,[H][C@](N)(COP(O)(=O)OC[C@@]([H])(COC(=O)CCCCC\C=C/C\C=C/C\C=C/C\C=C/CCCCC)OC(=O)CCCCCCCCCCCCCCC)C(O)=O,1
PS 38:5,PS(38:5),PS(38:5),HMDB0116763,52925682,NA,NA,NA,[H][C@](N)(COP(O)(=O)OC[C@@]([H])(COC(=O)CCCCCCCCC\C=C/C\C=C/CCCCC)OC(=O)CCCC\C=C/C\C=C/C\C=C/CCCCC)C(O)=O,1
PS 38:6,PS(38:6),PS(38:6),HMDB0112843,131819974,NA,NA,NA,[H][C@](N)(COP(O)(=O)OC[C@@]([H])(COC(=O)CCCCC\C=C/C\C=C/C\C=C/C\C=C/C\C=C/CC)OC(=O)CCCCCCC\C=C/CCCCCC)C(O)=O,1
PS 40:2,PS(40:2),PS(40:2),HMDB0112914,131820033,NA,NA,NA,[H][C@](N)(COP(O)(=O)OC[C@@]([H])(COC(=O)CCCCCCCCCCCCC\C=C/CCCCCCCC)OC(=O)CCCCCCC\C=C/CCCCCC)C(O)=O,1
PS 40:3,PS(40:3),PS(40:3),HMDB0112768,52925878,NA,NA,NA,[H][C@](N)(COP(O)(=O)OC[C@@]([H])(COC(=O)CCCCCCCCCCC\C=C/C\C=C/CCCCC)OC(=O)CCCCCCC\C=C/CCCCCCCC)C(O)=O,1
PS 40:4,PS(40:4),PS(40:4),HMDB0112793,52925908,NA,NA,NA,[H][C@](N)(COP(O)(=O)OC[C@@]([H])(COC(=O)CCCCC\C=C/C\C=C/C\C=C/C\C=C/CCCCC)OC(=O)CCCCCCCCCCCCCCCCC)C(O)=O,1
PS 40:5,PS(40:5),PS(40:5),HMDB0116775,131823390,NA,NA,NA,[H][C@](N)(COP(O)(=O)OC[C@@]([H])(COC(=O)CCCCCCCCCCC\C=C/CCCCCCCC)OC(=O)CCCC\C=C/C\C=C/C\C=C/C\C=C/CC)C(O)=O,1
PS 40:6,PS(40:6),PS(40:6),HMDB0112846,131819977,NA,NA,NA,[H][C@](N)(COP(O)(=O)OC[C@@]([H])(COC(=O)CCCCC\C=C/C\C=C/C\C=C/C\C=C/C\C=C/CC)OC(=O)CCCCCCC\C=C/CCCCCCCC)C(O)=O,1
PS 40:7,PS(40:7),PS(40:7),HMDB0116764,52925692,NA,NA,NA,[H][C@](N)(COP(O)(=O)OC[C@@]([H])(COC(=O)CCCCCCCCC\C=C/C\C=C/CCCCC)OC(=O)CCC\C=C/C\C=C/C\C=C/C\C=C/C\C=C/CC)C(O)=O,1
PS 40:8,PS(40:8),PS(40:8),HMDB0116788,131823399,NA,NA,NA,[H][C@](N)(COP(O)(=O)OC[C@@]([H])(COC(=O)CCCCC\C=C/C\C=C/C\C=C/C\C=C/C\C=C/CC)OC(=O)CCCC\C=C/C\C=C/C\C=C/CCCCC)C(O)=O,1
PS 41:4,PS(41:4),PS(41:4),L51,NA,NA,NA,NA,NA,1
PS 41:5,PS(41:5),PS(41:5),L52,NA,NA,NA,NA,NA,1
PS 41:6,PS(41:6),PS(41:6),L53,NA,NA,NA,NA,NA,1
PS 41:7,PS(41:7),PS(41:7),L54,NA,NA,NA,NA,NA,1
PS 42:4,PS(42:4),PS(42:4),HMDB0112920,102515102,NA,NA,NA,[H][C@](N)(COP(O)(=O)OC[C@@]([H])(COC(=O)CCCCCCCCCCCCC\C=C/CCCCCCCC)OC(=O)CCCCCCC\C=C/C\C=C/C\C=C/CC)C(O)=O,1
PS 42:6,PS(42:6),PS(42:6),HMDB0112868,52925945,NA,NA,NA,[H][C@](N)(COP(O)(=O)OC[C@@]([H])(COC(=O)CC\C=C/C\C=C/C\C=C/C\C=C/C\C=C/C\C=C/CC)OC(=O)CCCCCCCCCCCCCCCCCCC)C(O)=O,1
PS 42:7,PS(42:7),PS(42:7),HMDB0116780,52925890,NA,NA,NA,[H][C@](N)(COP(O)(=O)OC[C@@]([H])(COC(=O)CCCCCCCCCCC\C=C/C\C=C/CCCCC)OC(=O)CCC\C=C/C\C=C/C\C=C/C\C=C/C\C=C/CC)C(O)=O,1
PS 42:8,PS(42:8),PS(42:8),HMDB0116789,131823400,NA,NA,NA,[H][C@](N)(COP(O)(=O)OC[C@@]([H])(COC(=O)CCCCC\C=C/C\C=C/C\C=C/C\C=C/C\C=C/CC)OC(=O)CCCCCC\C=C/C\C=C/C\C=C/CCCCC)C(O)=O,1
SM d32:1,SM(d32:1),SM(d32:1),L55,NA,NA,NA,NA,NA,1
SM d32:2,SM(d32:2),SM(d32:2),L56,NA,NA,NA,NA,NA,1
SM d33:1,SM(d33:1),SM(d33:1),L57,NA,NA,NA,NA,NA,1
SM d34:0,SM(d34:0),SM(d34:0),L58,NA,NA,NA,NA,NA,1
SM d34:1,SM(d34:1),SM(d34:1),L59,NA,NA,NA,NA,NA,1
SM d34:2,SM(d34:2),SM(d34:2),L60,NA,NA,NA,NA,NA,1
SM d35:1,SM(d35:1),SM(d35:1),L61,NA,NA,NA,NA,NA,1
SM d35:2,SM(d35:2),SM(d35:2),L62,NA,NA,NA,NA,NA,1
SM d36:0,SM(d36:0),SM(d36:0),L63,NA,NA,NA,NA,NA,1
SM d36:1,SM(d36:1),SM(d36:1),L64,NA,NA,NA,NA,NA,1
SM d36:2,SM(d36:2),SM(d36:2),L65,NA,NA,NA,NA,NA,1
SM d38:1,SM(d38:1),SM(d38:1),L66,NA,NA,NA,NA,NA,1
SM d38:2,SM(d38:2),SM(d38:2),L67,NA,NA,NA,NA,NA,1
SM d40:1,SM(d40:1),SM(d40:1),L68,NA,NA,NA,NA,NA,1
SM d40:2,SM(d40:2),SM(d40:2),L69,NA,NA,NA,NA,NA,1
SM d41:1,SM(d41:1),SM(d41:1),L70,NA,NA,NA,NA,NA,1
SM d41:2,SM(d41:2),SM(d41:2),L71,NA,NA,NA,NA,NA,1
SM d42:1,SM(d42:1),SM(d42:1),L72,NA,NA,NA,NA,NA,1
SM d42:2,SM(d42:2),SM(d42:2),L73,NA,NA,NA,NA,NA,1
SM d44:2,SM(d44:2),SM(d44:2),L74,NA,NA,NA,NA,NA,1
TAG 40:0,TAG(40:0),TG(i-20:0/10:0/10:0),HMDB0062996,131770670,NA,NA,NA,[H][C@@](COC(=O)CCCCCCCCC)(COC(=O)CCCCCCCCCCCCCCCCC(C)C)OC(=O)CCCCCCCCC,1
TAG 42:0,TAG(42:0),TG(i-20:0/14:0/8:0),HMDB0062816,131770492,NA,NA,NA,[H][C@@](COC(=O)CCCCCCC)(COC(=O)CCCCCCCCCCCCCCCCC(C)C)OC(=O)CCCCCCCCCCCCC,1
TAG 42:1,TAG(42:1),TG(14:0/14:0/14:1(9Z)),HMDB0042068,131753215,NA,NA,NA,[H][C@](COC(=O)CCCCCCCCCCCCC)(COC(=O)CCCCCCC\C=C/CCCC)OC(=O)CCCCCCCCCCCCC,1
TAG 44:0,TAG(44:0),TG(14:0/14:0/16:0),HMDB0042063,97045147,NA,NA,NA,[H][C@](COC(=O)CCCCCCCCCCCCC)(COC(=O)CCCCCCCCCCCCCCC)OC(=O)CCCCCCCCCCCCC,1
TAG 44:1,TAG(44:1),TG(14:0/14:0/16:1(9Z)),HMDB0042069,131753216,NA,NA,NA,[H][C@](COC(=O)CCCCCCCCCCCCC)(COC(=O)CCCCCCC\C=C/CCCCCC)OC(=O)CCCCCCCCCCCCC,1
TAG 44:2,TAG(44:2),TG(14:0/14:1(9Z)/16:1(9Z)),HMDB0042279,131753421,NA,NA,NA,[H][C@](COC(=O)CCCCCCCCCCCCC)(COC(=O)CCCCCCC\C=C/CCCCCC)OC(=O)CCCCCCC\C=C/CCCC,1
TAG 46:0,TAG(46:0),TG(16:0/14:0/16:0),HMDB0010411,545606,NA,NA,NA,CCCCCCCCCCCCCCCC(=O)OCC(COC(=O)CCCCCCCCCCCCCCC)OC(=O)CCCCCCCCCCCCC,1
TAG 46:1,TAG(46:1),TG(16:0/14:0/16:1(9Z)),HMDB0010412,53480480,NA,NA,NA,CCCCCCCCCCCCCCCC(=O)OC[C@H](COC(=O)CCCCCCC/C=C\CCCCCC)OC(=O)CCCCCCCCCCCCC,1
TAG 46:2,TAG(46:2),TG(16:1(9Z)/14:0/16:1(9Z)),HMDB0010419,53480484,NA,NA,NA,CCCCCCCCCCCCCC(=O)OC(COC(=O)CCCCCCC/C=C\CCCCCC)COC(=O)CCCCCCC/C=C\CCCCCC,1
TAG 46:4,TAG(46:4),"TG(14:0/14:0/18:4(6Z,9Z,12Z,15Z))",HMDB0042085,131753231,NA,NA,NA,[H][C@](COC(=O)CCCCCCCCCCCCC)(COC(=O)CCCC\C=C/C\C=C/C\C=C/C\C=C/CC)OC(=O)CCCCCCCCCCCCC,1
TAG 48:0,TAG(48:0),TG(16:0/16:0/16:0),HMDB0005356,11147,77393,NA,3857,CCCCCCCCCCCCCCCC(=O)OCC(COC(=O)CCCCCCCCCCCCCCC)OC(=O)CCCCCCCCCCCCCCC,1
TAG 48:1,TAG(48:1),TG(16:0/16:0/16:1(9Z)),HMDB0005359,131750336,NA,C00422,4716,CCCCCCCCCCCCCCCC(=O)OC[C@H](COC(=O)CCCCCCC/C=C\CCCCCC)OC(=O)CCCCCCCCCCCCCCC,1
TAG 48:2,TAG(48:2),TG(16:0/16:1(9Z)/16:1(9Z)),HMDB0005376,100981287,NA,C00422,4717,CCCCCCCCCCCCCCCC(=O)OC[C@H](COC(=O)CCCCCCC/C=C\CCCCCC)OC(=O)CCCCCCC/C=C\CCCCCC,1
TAG 48:3,TAG(48:3),TG(16:1(9Z)/16:1(9Z)/16:1(9Z)),HMDB0005432,9543989,75841,NA,4719,CCCCCC/C=C\CCCCCCCC(=O)OCC(OC(=O)CCCCCCC/C=C\CCCCCC)COC(=O)CCCCCCC/C=C\CCCCCC,1
TAG 50:0,TAG(50:0),TG(16:0/16:0/18:0),HMDB0005357,3246953,NA,C00422,4703,CCCCCCCCCCCCCCCCCC(=O)OC[C@@H](COC(=O)CCCCCCCCCCCCCCC)OC(=O)CCCCCCCCCCCCCCC,1
TAG 50:1,TAG(50:1),TG(16:0/16:0/18:1(9Z)),HMDB0005360,99649113,NA,C00422,4705,CCCCCCCCCCCCCCCC(=O)OC[C@H](COC(=O)CCCCCCC/C=C\CCCCCCCC)OC(=O)CCCCCCCCCCCCCCC,1
TAG 50:2,TAG(50:2),"TG(16:0/16:0/18:2(9Z,12Z))",HMDB0005362,99649114,NA,C00422,4743,CCCCCCCCCCCCCCCC(=O)OC[C@H](COC(=O)CCCCCCC/C=C\C/C=C\CCCCC)OC(=O)CCCCCCCCCCCCCCC,1
TAG 50:3,TAG(50:3),"TG(16:0/16:1(9Z)/18:2(9Z,12Z))",HMDB0005379,131750350,NA,C00422,NA,CCCCCCCCCCCCCCCC(=O)OC[C@H](COC(=O)CCCCCCC/C=C\C/C=C\CCCCC)OC(=O)CCCCCCC/C=C\CCCCCC,1
TAG 50:4,TAG(50:4),"TG(16:1(9Z)/16:1(9Z)/18:2(9Z,12Z))",HMDB0005435,131750394,NA,C00422,NA,CCCCCC/C=C\CCCCCCCC(=O)OC[C@H](COC(=O)CCCCCCC/C=C\C/C=C\CCCCC)OC(=O)CCCCCCC/C=C\CCCCCC,1
TAG 52:0,TAG(52:0),TG(16:0/16:0/20:0),HMDB0005358,9544047,NA,C00422,4779,CCCCCCCCCCCCCCCCCCCC(=O)OC[C@@H](COC(=O)CCCCCCCCCCCCCCC)OC(=O)CCCCCCCCCCCCCCC,1
TAG 52:1,TAG(52:1),TG(16:0/16:0/20:1(11Z)),HMDB0005361,131750337,NA,C00422,4795,CCCCCCCCCCCCCCCC(=O)OC[C@H](COC(=O)CCCCCCCCC/C=C\CCCCCCCC)OC(=O)CCCCCCCCCCCCCCC,1
TAG 52:2,TAG(52:2),"TG(16:0/18:0/18:2(9Z,12Z))",HMDB0005369,131750341,NA,C00422,NA,CCCCCCCCCCCCCCCCCC(=O)O[C@H](COC(=O)CCCCCCCCCCCCCCC)COC(=O)CCCCCCC/C=C\C/C=C\CCCCC,1
TAG 52:3,TAG(52:3),"TG(16:0/18:1(9Z)/18:2(9Z,12Z))",HMDB0005384,99647498,NA,C00422,NA,CCCCCCCCCCCCCCCC(=O)OC[C@H](COC(=O)CCCCCCC/C=C\C/C=C\CCCCC)OC(=O)CCCCCCC/C=C\CCCCCCCC,1
TAG 52:4,TAG(52:4),"TG(16:0/16:0/20:4(5Z,8Z,11Z,14Z))",HMDB0005363,131750338,NA,C00422,NA,CCCCCCCCCCCCCCCC(=O)OC[C@H](COC(=O)CCC/C=C\C/C=C\C/C=C\C/C=C\CCCCC)OC(=O)CCCCCCCCCCCCCCC,1
TAG 53:4,TAG(53:4),"TG(15:0/16:0/22:4(7Z,10Z,13Z,16Z))",HMDB0043038,131754169,NA,NA,NA,[H][C@](COC(=O)CCCCCCCCCCCCCC)(COC(=O)CCCCC\C=C/C\C=C/C\C=C/C\C=C/CCCCC)OC(=O)CCCCCCCCCCCCCCC,1
TAG 54:1,TAG(54:1),TG(16:0/18:0/20:1(11Z)),HMDB0005368,131750340,NA,C00422,NA,CCCCCCCCCCCCCCCCCC(=O)O[C@H](COC(=O)CCCCCCCCCCCCCCC)COC(=O)CCCCCCCCC/C=C\CCCCCCCC,1
TAG 54:2,TAG(54:2),TG(16:0/18:1(9Z)/20:1(11Z)),HMDB0005383,131750353,NA,C00422,NA,CCCCCCCCCCCCCCCC(=O)OC[C@H](COC(=O)CCCCCCCCC/C=C\CCCCCCCC)OC(=O)CCCCCCC/C=C\CCCCCCCC,1
TAG 54:3,TAG(54:3),"TG(16:0/18:2(9Z,12Z)/20:1(11Z))",HMDB0005389,131750358,NA,C00422,NA,CCCCCCCCCCCCCCCC(=O)OC[C@H](COC(=O)CCCCCCCCC/C=C\CCCCCCCC)OC(=O)CCCCCCC/C=C\C/C=C\CCCCC,1
TAG 54:4,TAG(54:4),"TG(16:0/18:0/20:4(5Z,8Z,11Z,14Z))",HMDB0005370,131750342,NA,C00422,NA,CCCCCCCCCCCCCCCCCC(=O)O[C@H](COC(=O)CCCCCCCCCCCCCCC)COC(=O)CCC/C=C\C/C=C\C/C=C\C/C=C\CCCCC,1
TAG 54:5,TAG(54:5),"TG(16:0/18:1(9Z)/20:4(5Z,8Z,11Z,14Z))",HMDB0005385,131750354,NA,C00422,NA,CCCCCCCCCCCCCCCC(=O)OC[C@H](COC(=O)CCC/C=C\C/C=C\C/C=C\C/C=C\CCCCC)OC(=O)CCCCCCC/C=C\CCCCCCCC,1
TAG 54:6,TAG(54:6),"TG(16:0/18:2(9Z,12Z)/20:4(5Z,8Z,11Z,14Z))",HMDB0005391,131750359,NA,C00422,NA,CCCCCCCCCCCCCCCC(=O)OC[C@H](COC(=O)CCC/C=C\C/C=C\C/C=C\C/C=C\CCCCC)OC(=O)CCCCCCC/C=C\C/C=C\CCCCC,1
TAG 56:1,TAG(56:1),TG(16:0/20:0/20:1(11Z)),HMDB0005372,131750344,NA,C00422,NA,CCCCCCCCCCCCCCCCCCCC(=O)O[C@H](COC(=O)CCCCCCCCCCCCCCC)COC(=O)CCCCCCCCC/C=C\CCCCCCCC,1
TAG 56:4,TAG(56:4),"TG(16:0/20:0/20:4(5Z,8Z,11Z,14Z))",HMDB0005373,131750345,NA,C00422,NA,CCCCCCCCCCCCCCCCCCCC(=O)O[C@H](COC(=O)CCCCCCCCCCCCCCC)COC(=O)CCC/C=C\C/C=C\C/C=C\C/C=C\CCCCC,1
TAG 56:7,TAG(56:7),"TG(18:1(9Z)/18:2(9Z,12Z)/20:4(5Z,8Z,11Z,14Z))",HMDB0005462,131750416,NA,C00422,NA,CCCCCCCC/C=C\CCCCCCCC(=O)OC[C@H](COC(=O)CCC/C=C\C/C=C\C/C=C\C/C=C\CCCCC)OC(=O)CCCCCCC/C=C\C/C=C\CCCCC,1
TAG 58:8,TAG(58:8),"TG(18:0/20:4(5Z,8Z,11Z,14Z)/20:4(5Z,8Z,11Z,14Z))",HMDB0005413,131750375,NA,C00422,NA,CCCCCCCCCCCCCCCCCC(=O)OC[C@H](COC(=O)CCC/C=C\C/C=C\C/C=C\C/C=C\CCCCC)OC(=O)CCC/C=C\C/C=C\C/C=C\C/C=C\CCCCC,1
TAG 58:9,TAG(58:9),"TG(18:1(9Z)/20:4(5Z,8Z,11Z,14Z)/20:4(5Z,8Z,11Z,14Z))",HMDB0005463,131750417,NA,C00422,NA,CCCCCCCC/C=C\CCCCCCCC(=O)OC[C@H](COC(=O)CCC/C=C\C/C=C\C/C=C\C/C=C\CCCCC)OC(=O)CCC/C=C\C/C=C\C/C=C\C/C=C\CCCCC,1
